Channel,First Touch,Last Touch,Multi Touch,Bias
Email,1596,1629,1609.1666666666667,33
PPC,1632,1556,1591.75,-76
Referral,1584,1638,1611.1666666666667,54
SEO,1615,1521,1564.25,-94
Social Media,1573,1656,1623.6666666666667,83
